ID_PRUEBA,C,F,L,T_TOTAL,T_POR_ACCESO
1,4,768,384,41984.000000,5.466667
1,4,2304,1152,127456.000000,5.531944
1,4,8192,4096,563205.000000,6.875061
1,4,24576,12288,2280123.000000,9.277844
1,4,98304,49152,23625413.000000,24.033013
1,4,147456,73728,38650945.000000,26.211850
1,4,393216,196608,150346955.000000,38.235208
1,4,786432,393216,331656693.000000,42.172329
1,8,384,384,26830.000000,6.986979
1,8,1152,1152,75358.000000,6.541493
1,8,4096,4096,245346.000000,5.989893
1,8,12288,12288,723266.000000,5.885954
1,8,49152,49152,8423195.000000,17.137034
1,8,73728,73728,15911862.000000,21.581844
1,8,196608,196608,64804456.000000,32.961251
1,8,393216,393216,154104925.000000,39.190909
1,20,153,384,7694.000000,5.028758
1,20,460,1152,34226.000000,7.440435
1,20,1638,4096,119493.000000,7.295055
1,20,4915,12288,352163.000000,7.165066
1,20,19660,49152,5930069.000000,30.163118
1,20,29491,73728,5089771.000000,17.258726
1,20,78643,196608,18890149.000000,24.020128
1,20,157286,393216,62220051.000000,39.558544
1,40,76,384,3626.000000,4.771053
1,40,230,1152,11704.000000,5.088696
1,40,819,4096,63458.000000,7.748230
1,40,2457,12288,270284.000000,11.000570
1,40,9830,49152,5663148.000000,57.610865
1,40,14745,73728,1919403.000000,13.017314
1,40,39321,196608,7079869.000000,18.005313
1,40,78643,393216,22663130.000000,28.817733
2,4,768,384,36552.000000,4.759375
2,4,2304,1152,197328.000000,8.564583
2,4,8192,4096,492844.000000,6.016162
2,4,24576,12288,1595436.000000,6.491846
2,4,98304,49152,25948158.000000,26.395831
2,4,147456,73728,39491391.000000,26.781814
2,4,393216,196608,147464163.000000,37.502076
2,4,786432,393216,335121496.000000,42.612902
2,8,384,384,50701.000000,13.203385
2,8,1152,1152,63106.000000,5.477951
2,8,4096,4096,256668.000000,6.266309
2,8,12288,12288,968777.000000,7.883927
2,8,49152,49152,8938849.000000,18.186135
2,8,73728,73728,18617779.000000,25.251979
2,8,196608,196608,56522005.000000,28.748578
2,8,393216,393216,175768640.000000,44.700277
2,20,153,384,8518.000000,5.567320
2,20,460,1152,29496.000000,6.412174
2,20,1638,4096,104252.000000,6.364591
2,20,4915,12288,361171.000000,7.348342
2,20,19660,49152,2194788.000000,11.163723
2,20,29491,73728,3976978.000000,13.485396
2,20,78643,196608,16484859.000000,20.961635
2,20,157286,393216,44929970.000000,28.565778
2,40,76,384,4074.000000,5.360526
2,40,230,1152,12666.000000,5.506957
2,40,819,4096,46032.000000,5.620513
2,40,2457,12288,166051.000000,6.758282
2,40,9830,49152,970012.000000,9.867874
2,40,14745,73728,1574202.000000,10.676175
2,40,39321,196608,6014078.000000,15.294825
2,40,78643,393216,16538446.000000,21.029775
3,4,768,384,38714.000000,5.040885
3,4,2304,1152,147000.000000,6.380208
3,4,8192,4096,683532.000000,8.343896
3,4,24576,12288,3273468.000000,13.319775
3,4,98304,49152,28570612.000000,29.063529
3,4,147456,73728,39363617.000000,26.695161
3,4,393216,196608,147698531.000000,37.561679
3,4,786432,393216,325846123.000000,41.433477
3,8,384,384,19232.000000,5.008333
3,8,1152,1152,66270.000000,5.752604
3,8,4096,4096,248662.000000,6.070850
3,8,12288,12288,1530865.000000,12.458211
3,8,49152,49152,9899553.000000,20.140692
3,8,73728,73728,29459951.000000,39.957616
3,8,196608,196608,62939803.000000,32.012839
3,8,393216,393216,160958487.000000,40.933860
3,20,153,384,8358.000000,5.462745
3,20,460,1152,29302.000000,6.370000
3,20,1638,4096,94538.000000,5.771551
3,20,4915,12288,1848509.000000,37.609542
3,20,19660,49152,5555676.000000,28.258779
3,20,29491,73728,3389399.000000,11.492994
3,20,78643,196608,19133494.000000,24.329558
3,20,157286,393216,37598426.000000,23.904496
3,40,76,384,3900.000000,5.131579
3,40,230,1152,13684.000000,5.949565
3,40,819,4096,48352.000000,5.903785
3,40,2457,12288,225222.000000,9.166545
3,40,9830,49152,1148003.000000,11.678566
3,40,14745,73728,2414017.000000,16.371767
3,40,39321,196608,6217784.000000,15.812884
3,40,78643,393216,15913104.000000,20.234610
4,4,768,384,36574.000000,4.762240
4,4,2304,1152,118316.000000,5.135243
4,4,8192,4096,519400.000000,6.340332
4,4,24576,12288,2366019.000000,9.627356
4,4,98304,49152,23383387.000000,23.786811
4,4,147456,73728,46956511.000000,31.844422
4,4,393216,196608,148814302.000000,37.845434
4,4,786432,393216,338674109.000000,43.064640
4,8,384,384,19446.000000,5.064063
4,8,1152,1152,64.000000,0.005556
4,8,4096,4096,271547.000000,6.629565
4,8,12288,12288,977001.000000,7.950854
4,8,49152,49152,14898793.000000,30.311672
4,8,73728,73728,17093250.000000,23.184204
4,8,196608,196608,59925345.000000,30.479607
4,8,393216,393216,150712666.000000,38.328213
4,20,153,384,21198.000000,13.854902
4,20,460,1152,64.000000,0.013913
4,20,1638,4096,93426.000000,5.703663
4,20,4915,12288,470161.000000,9.565839
4,20,19660,49152,2273373.000000,11.563444
4,20,29491,73728,3363969.000000,11.406765
4,20,78643,196608,33354816.000000,42.412950
4,20,157286,393216,50053463.000000,31.823216
4,40,76,384,3848.000000,5.063158
4,40,230,1152,13124.000000,5.706087
4,40,819,4096,51796.000000,6.324298
4,40,2457,12288,170258.000000,6.929508
4,40,9830,49152,2677953.000000,27.242655
4,40,14745,73728,1756202.000000,11.910492
4,40,39321,196608,8180453.000000,20.804285
4,40,78643,393216,16286171.000000,20.708990
5,4,768,384,36868.000000,4.800521
5,4,2304,1152,127274.000000,5.524045
5,4,8192,4096,546363.000000,6.669470
5,4,24576,12288,2271159.000000,9.241370
5,4,98304,49152,24122132.000000,24.538302
5,4,147456,73728,36288456.000000,24.609684
5,4,393216,196608,156407322.000000,39.776439
5,4,786432,393216,330543551.000000,42.030786
5,8,384,384,18280.000000,4.760417
5,8,1152,1152,63244.000000,5.489931
5,8,4096,4096,248984.000000,6.078711
5,8,12288,12288,943020.000000,7.674316
5,8,49152,49152,11183970.000000,22.753845
5,8,73728,73728,20490008.000000,27.791352
5,8,196608,196608,54295041.000000,27.615886
5,8,393216,393216,150150732.000000,38.185306
5,20,153,384,9078.000000,5.933333
5,20,460,1152,26542.000000,5.770000
5,20,1638,4096,94800.000000,5.787546
5,20,4915,12288,2155987.000000,43.865453
5,20,19660,49152,6502848.000000,33.076541
5,20,29491,73728,5034155.000000,17.070140
5,20,78643,196608,18999136.000000,24.158712
5,20,157286,393216,50558205.000000,32.144123
5,40,76,384,3714.000000,4.886842
5,40,230,1152,12652.000000,5.500870
5,40,819,4096,686460.000000,83.816850
5,40,2457,12288,554471.000000,22.566992
5,40,9830,49152,1039587.000000,10.575656
5,40,14745,73728,2281368.000000,15.472146
5,40,39321,196608,6888384.000000,17.518334
5,40,78643,393216,20535636.000000,26.112478
6,4,768,384,39360.000000,5.125000
6,4,2304,1152,136840.000000,5.939236
6,4,8192,4096,529553.000000,6.464270
6,4,24576,12288,2011994.000000,8.186825
6,4,98304,49152,23262840.000000,23.664185
6,4,147456,73728,16625894.000000,11.275156
6,4,393216,196608,142983261.000000,36.362524
6,4,786432,393216,341744240.000000,43.455027
6,8,384,384,19422.000000,5.057812
6,8,1152,1152,71846.000000,6.236632
6,8,4096,4096,237888.000000,5.807812
6,8,12288,12288,1200158.000000,9.766911
6,8,49152,49152,13784126.000000,28.043876
6,8,73728,73728,27990132.000000,37.964046
6,8,196608,196608,42487523.000000,21.610272
6,8,393216,393216,158962923.000000,40.426362
6,20,153,384,8434.000000,5.512418
6,20,460,1152,29358.000000,6.382174
6,20,1638,4096,106558.000000,6.505372
6,20,4915,12288,775769.000000,15.783703
6,20,19660,49152,2504636.000000,12.739756
6,20,29491,73728,5257488.000000,17.827432
6,20,78643,196608,16888076.000000,21.474354
6,20,157286,393216,42927107.000000,27.292389
6,40,76,384,4254.000000,5.597368
6,40,230,1152,11592.000000,5.040000
6,40,819,4096,47846.000000,5.842002
6,40,2457,12288,174146.000000,7.087749
6,40,9830,49152,985788.000000,10.028362
6,40,14745,73728,2366519.000000,16.049637
6,40,39321,196608,6496508.000000,16.521726
6,40,78643,393216,20115663.000000,25.578453
7,4,768,384,113362.000000,14.760677
7,4,2304,1152,116112.000000,5.039583
7,4,8192,4096,197784.000000,2.414355
7,4,24576,12288,1955408.000000,7.956576
7,4,98304,49152,25422417.000000,25.861020
7,4,147456,73728,34638023.000000,23.490413
7,4,393216,196608,144996483.000000,36.874512
7,4,786432,393216,342345423.000000,43.531472
7,8,384,384,22426.000000,5.840104
7,8,1152,1152,63876.000000,5.544792
7,8,4096,4096,277084.000000,6.764746
7,8,12288,12288,3694757.000000,30.068009
7,8,49152,49152,8485759.000000,17.264321
7,8,73728,73728,7673131.000000,10.407350
7,8,196608,196608,61778458.000000,31.422149
7,8,393216,393216,154388983.000000,39.263149
7,20,153,384,7558.000000,4.939869
7,20,460,1152,30574.000000,6.646522
7,20,1638,4096,115532.000000,7.053236
7,20,4915,12288,445324.000000,9.060509
7,20,19660,49152,9774452.000000,49.717457
7,20,29491,73728,5217458.000000,17.691696
7,20,78643,196608,22741344.000000,28.917188
7,20,157286,393216,47114806.000000,29.954863
7,40,76,384,4228.000000,5.563158
7,40,230,1152,12318.000000,5.355652
7,40,819,4096,61316.000000,7.486691
7,40,2457,12288,157652.000000,6.416443
7,40,9830,49152,1117598.000000,11.369257
7,40,14745,73728,2345269.000000,15.905521
7,40,39321,196608,7511854.000000,19.103924
7,40,78643,393216,19298521.000000,24.539401
8,4,768,384,42306.000000,5.508594
8,4,2304,1152,148300.000000,6.436632
8,4,8192,4096,489949.000000,5.980823
8,4,24576,12288,4076312.000000,16.586556
8,4,98304,49152,24096853.000000,24.512586
8,4,147456,73728,41263340.000000,27.983493
8,4,393216,196608,140957120.000000,35.847249
8,4,786432,393216,329372126.000000,41.881832
8,8,384,384,18226.000000,4.746354
8,8,1152,1152,64686.000000,5.615104
8,8,4096,4096,303827.000000,7.417651
8,8,12288,12288,1394526.000000,11.348682
8,8,49152,49152,10139545.000000,20.628957
8,8,73728,73728,17232885.000000,23.373596
8,8,196608,196608,54412469.000000,27.675613
8,8,393216,393216,152500090.000000,38.782778
8,20,153,384,8374.000000,5.473203
8,20,460,1152,23336.000000,5.073043
8,20,1638,4096,92080.000000,5.621490
8,20,4915,12288,349958.000000,7.120203
8,20,19660,49152,2089019.000000,10.625732
8,20,29491,73728,8387345.000000,28.440355
8,20,78643,196608,17731936.000000,22.547380
8,20,157286,393216,47628965.000000,30.281757
8,40,76,384,3674.000000,4.834211
8,40,230,1152,10976.000000,4.772174
8,40,819,4096,54878.000000,6.700611
8,40,2457,12288,194024.000000,7.896785
8,40,9830,49152,1153659.000000,11.736104
8,40,14745,73728,2078870.000000,14.098813
8,40,39321,196608,22023029.000000,56.008314
8,40,78643,393216,11740855.000000,14.929307
9,4,768,384,36500.000000,4.752604
9,4,2304,1152,131232.000000,5.695833
9,4,8192,4096,516739.000000,6.307849
9,4,24576,12288,1969460.000000,8.013753
9,4,98304,49152,25496881.000000,25.936769
9,4,147456,73728,39904625.000000,27.062056
9,4,393216,196608,160054818.000000,40.704045
9,4,786432,393216,345524989.000000,43.935774
9,8,384,384,19326.000000,5.032813
9,8,1152,1152,63314.000000,5.496007
9,8,4096,4096,247160.000000,6.034180
9,8,12288,12288,5691741.000000,46.319507
9,8,49152,49152,4469090.000000,9.092387
9,8,73728,73728,16143969.000000,21.896659
9,8,196608,196608,58301155.000000,29.653501
9,8,393216,393216,148439149.000000,37.750028
9,20,153,384,7310.000000,4.777778
9,20,460,1152,25412.000000,5.524348
9,20,1638,4096,99168.000000,6.054212
9,20,4915,12288,376980.000000,7.669990
9,20,19660,49152,3251352.000000,16.537904
9,20,29491,73728,8100025.000000,27.466091
9,20,78643,196608,15872565.000000,20.183061
9,20,157286,393216,39685896.000000,25.231677
9,40,76,384,4236.000000,5.573684
9,40,230,1152,12812.000000,5.570435
9,40,819,4096,53604.000000,6.545055
9,40,2457,12288,173018.000000,7.041840
9,40,9830,49152,1006769.000000,10.241801
9,40,14745,73728,2521593.000000,17.101343
9,40,39321,196608,6169381.000000,15.689787
9,40,78643,393216,20366004.000000,25.896779
10,4,768,384,42070.000000,5.477865
10,4,2304,1152,137742.000000,5.978385
10,4,8192,4096,511035.000000,6.238220
10,4,24576,12288,1152399.000000,4.689124
10,4,98304,49152,28811855.000000,29.308935
10,4,147456,73728,24064812.000000,16.319995
10,4,393216,196608,131980843.000000,33.564464
10,4,786432,393216,310639632.000000,39.499872
10,8,384,384,21134.000000,5.503646
10,8,1152,1152,63366.000000,5.500521
10,8,4096,4096,295568.000000,7.216016
10,8,12288,12288,891696.000000,7.256641
10,8,49152,49152,6476044.000000,13.175545
10,8,73728,73728,20789352.000000,28.197363
10,8,196608,196608,56702539.000000,28.840403
10,8,393216,393216,143424139.000000,36.474645
10,20,153,384,7790.000000,5.091503
10,20,460,1152,23502.000000,5.109130
10,20,1638,4096,109136.000000,6.662759
10,20,4915,12288,349910.000000,7.119227
10,20,19660,49152,7458236.000000,37.936094
10,20,29491,73728,3732639.000000,12.656875
10,20,78643,196608,25639551.000000,32.602458
10,20,157286,393216,47759747.000000,30.364907
10,40,76,384,3668.000000,4.826316
10,40,230,1152,15372.000000,6.683478
10,40,819,4096,54660.000000,6.673993
10,40,2457,12288,171209.000000,6.968213
10,40,9830,49152,2958784.000000,30.099532
10,40,14745,73728,6366631.000000,43.178237
10,40,39321,196608,11214180.000000,28.519570
10,40,78643,393216,22108160.000000,28.112051
11,4,768,384,36522.000000,4.755469
11,4,2304,1152,130004.000000,5.642535
11,4,8192,4096,672422.000000,8.208276
11,4,24576,12288,1971244.000000,8.021012
11,4,98304,49152,22230308.000000,22.613839
11,4,147456,73728,32176918.000000,21.821369
11,4,393216,196608,151034672.000000,38.410103
11,4,786432,393216,334673062.000000,42.555880
11,8,384,384,19278.000000,5.020313
11,8,1152,1152,72852.000000,6.323958
11,8,4096,4096,492960.000000,12.035156
11,8,12288,12288,913010.000000,7.430094
11,8,49152,49152,12809043.000000,26.060065
11,8,73728,73728,16707808.000000,22.661415
11,8,196608,196608,52998337.000000,26.956348
11,8,393216,393216,158756512.000000,40.373869
11,20,153,384,8714.000000,5.695425
11,20,460,1152,25210.000000,5.480435
11,20,1638,4096,125000.000000,7.631258
11,20,4915,12288,360363.000000,7.331902
11,20,19660,49152,10201351.000000,51.888866
11,20,29491,73728,5255518.000000,17.820752
11,20,78643,196608,25701284.000000,32.680956
11,20,157286,393216,36369362.000000,23.123076
11,40,76,384,3662.000000,4.818421
11,40,230,1152,10996.000000,4.780870
11,40,819,4096,47196.000000,5.762637
11,40,2457,12288,170156.000000,6.925356
11,40,9830,49152,1349924.000000,13.732696
11,40,14745,73728,1350877.000000,9.161594
11,40,39321,196608,3621657.000000,9.210491
11,40,78643,393216,7565489.000000,9.620041
12,4,768,384,38528.000000,5.016667
12,4,2304,1152,401987.000000,17.447352
12,4,8192,4096,505076.000000,6.165479
12,4,24576,12288,2229580.000000,9.072184
12,4,98304,49152,23463299.000000,23.868102
12,4,147456,73728,32790172.000000,22.237259
12,4,393216,196608,147342764.000000,37.471203
12,4,786432,393216,334210819.000000,42.497103
12,8,384,384,21316.000000,5.551042
12,8,1152,1152,58740.000000,5.098958
12,8,4096,4096,960568.000000,23.451367
12,8,12288,12288,4416686.000000,35.943083
12,8,49152,49152,9998115.000000,20.341217
12,8,73728,73728,40398368.000000,54.793793
12,8,196608,196608,52290872.000000,26.596513
12,8,393216,393216,152515653.000000,38.786736
12,20,153,384,7708.000000,5.037908
12,20,460,1152,26316.000000,5.720870
12,20,1638,4096,91086.000000,5.560806
12,20,4915,12288,345467.000000,7.028830
12,20,19660,49152,3109479.000000,15.816272
12,20,29491,73728,10494719.000000,35.586175
12,20,78643,196608,19183810.000000,24.393538
12,20,157286,393216,51015111.000000,32.434617
12,40,76,384,3864.000000,5.084211
12,40,230,1152,11618.000000,5.051304
12,40,819,4096,46296.000000,5.652747
12,40,2457,12288,167586.000000,6.820757
12,40,9830,49152,2507646.000000,25.510132
12,40,14745,73728,1936042.000000,13.130159
12,40,39321,196608,8367820.000000,21.280791
12,40,78643,393216,18100492.000000,23.016024
13,4,768,384,36492.000000,4.751563
13,4,2304,1152,139022.000000,6.033941
13,4,8192,4096,595496.000000,7.269238
13,4,24576,12288,1972066.000000,8.024357
13,4,98304,49152,24340981.000000,24.760926
13,4,147456,73728,43003489.000000,29.163607
13,4,393216,196608,159395146.000000,40.536282
13,4,786432,393216,335614346.000000,42.675571
13,8,384,384,21592.000000,5.622917
13,8,1152,1152,63338.000000,5.498090
13,8,4096,4096,237260.000000,5.792480
13,8,12288,12288,43104.000000,0.350781
13,8,49152,49152,7256871.000000,14.764142
13,8,73728,73728,40365815.000000,54.749641
13,8,196608,196608,39506138.000000,20.093861
13,8,393216,393216,165779891.000000,42.160006
13,20,153,384,8484.000000,5.545098
13,20,460,1152,28822.000000,6.265652
13,20,1638,4096,593896.000000,36.257387
13,20,4915,12288,369614.000000,7.520122
13,20,19660,49152,1732301.000000,8.811297
13,20,29491,73728,5882693.000000,19.947418
13,20,78643,196608,22668304.000000,28.824312
13,20,157286,393216,50624009.000000,32.185960
13,40,76,384,3712.000000,4.884211
13,40,230,1152,12626.000000,5.489565
13,40,819,4096,55784.000000,6.811233
13,40,2457,12288,172009.000000,7.000773
13,40,9830,49152,1077760.000000,10.963988
13,40,14745,73728,1415379.000000,9.599044
13,40,39321,196608,8130636.000000,20.677592
13,40,78643,393216,19307757.000000,24.551145
14,4,768,384,38756.000000,5.046354
14,4,2304,1152,132746.000000,5.761545
14,4,8192,4096,553326.000000,6.754468
14,4,24576,12288,5758114.000000,23.429826
14,4,98304,49152,38601819.000000,39.267801
14,4,147456,73728,37296589.000000,25.293368
14,4,393216,196608,142014919.000000,36.116262
14,4,786432,393216,336213798.000000,42.751795
14,8,384,384,19342.000000,5.036979
14,8,1152,1152,83128.000000,7.215972
14,8,4096,4096,234890.000000,5.734619
14,8,12288,12288,971408.000000,7.905339
14,8,49152,49152,8142578.000000,16.566117
14,8,73728,73728,14986577.000000,20.326846
14,8,196608,196608,51892587.000000,26.393935
14,8,393216,393216,158948797.000000,40.422769
14,20,153,384,8452.000000,5.524183
14,20,460,1152,25272.000000,5.493913
14,20,1638,4096,117971.000000,7.202137
14,20,4915,12288,344264.000000,7.004354
14,20,19660,49152,3833896.000000,19.500997
14,20,29491,73728,7210659.000000,24.450371
14,20,78643,196608,19979342.000000,25.405112
14,20,157286,393216,44555247.000000,28.327535
14,40,76,384,3906.000000,5.139474
14,40,230,1152,12988.000000,5.646957
14,40,819,4096,46724.000000,5.705006
14,40,2457,12288,2476785.000000,100.805250
14,40,9830,49152,994468.000000,10.116663
14,40,14745,73728,1340080.000000,9.088369
14,40,39321,196608,12004433.000000,30.529318
14,40,78643,393216,29540883.000000,37.563271
15,4,768,384,36570.000000,4.761719
15,4,2304,1152,109954.000000,4.772309
15,4,8192,4096,512514.000000,6.256274
15,4,24576,12288,1968210.000000,8.008667
15,4,98304,49152,30639459.000000,31.168069
15,4,147456,73728,16585788.000000,11.247957
15,4,393216,196608,155427498.000000,39.527257
15,4,786432,393216,322802037.000000,41.046402
15,8,384,384,21886.000000,5.699479
15,8,1152,1152,82490.000000,7.160590
15,8,4096,4096,234156.000000,5.716699
15,8,12288,12288,1055764.000000,8.591829
15,8,49152,49152,8014697.000000,16.305943
15,8,73728,73728,17814590.000000,24.162584
15,8,196608,196608,55828482.000000,28.395834
15,8,393216,393216,150020561.000000,38.152202
15,20,153,384,8526.000000,5.572549
15,20,460,1152,33340.000000,7.247826
15,20,1638,4096,105526.000000,6.442369
15,20,4915,12288,367549.000000,7.478108
15,20,19660,49152,2030886.000000,10.330041
15,20,29491,73728,4407038.000000,14.943671
15,20,78643,196608,18459076.000000,23.471989
15,20,157286,393216,43520403.000000,27.669597
15,40,76,384,3868.000000,5.089474
15,40,230,1152,11024.000000,4.793043
15,40,819,4096,69802.000000,8.522833
15,40,2457,12288,1834848.000000,74.678388
15,40,9830,49152,1114228.000000,11.334975
15,40,14745,73728,1860198.000000,12.615788
15,40,39321,196608,7484477.000000,19.034300
15,40,78643,393216,22201005.000000,28.230109
16,4,768,384,36546.000000,4.758594
16,4,2304,1152,109978.000000,4.773351
16,4,8192,4096,2021684.000000,24.678760
16,4,24576,12288,2060307.000000,8.383411
16,4,98304,49152,7468136.000000,7.596981
16,4,147456,73728,20201799.000000,13.700222
16,4,393216,196608,143391279.000000,36.466288
16,4,786432,393216,338615702.000000,43.057213
16,8,384,384,18242.000000,4.750521
16,8,1152,1152,63486.000000,5.510937
16,8,4096,4096,250028.000000,6.104199
16,8,12288,12288,926842.000000,7.542660
16,8,49152,49152,15882792.000000,32.313623
16,8,73728,73728,17285606.000000,23.445104
16,8,196608,196608,64076582.000000,32.591035
16,8,393216,393216,164825995.000000,41.917418
16,20,153,384,8420.000000,5.503268
16,20,460,1152,31662.000000,6.883043
16,20,1638,4096,145966.000000,8.911233
16,20,4915,12288,331498.000000,6.744619
16,20,19660,49152,3758421.000000,19.117096
16,20,29491,73728,3740802.000000,12.684555
16,20,78643,196608,8256892.000000,10.499208
16,20,157286,393216,58529449.000000,37.212116
16,40,76,384,3902.000000,5.134211
16,40,230,1152,14498.000000,6.303478
16,40,819,4096,60469.000000,7.383272
16,40,2457,12288,187333.000000,7.624461
16,40,9830,49152,1030262.000000,10.480793
16,40,14745,73728,1431362.000000,9.707440
16,40,39321,196608,11537346.000000,29.341436
16,40,78643,393216,17027953.000000,21.652217
17,4,768,384,38488.000000,5.011458
17,4,2304,1152,258201.000000,11.206641
17,4,8192,4096,513226.000000,6.264966
17,4,24576,12288,2520802.000000,10.257170
17,4,98304,49152,26163998.000000,26.615395
17,4,147456,73728,34883058.000000,23.656588
17,4,393216,196608,145214104.000000,36.929856
17,4,786432,393216,317735577.000000,40.402168
17,8,384,384,19340.000000,5.036458
17,8,1152,1152,64580.000000,5.605903
17,8,4096,4096,270662.000000,6.607959
17,8,12288,12288,939096.000000,7.642383
17,8,49152,49152,6822313.000000,13.880031
17,8,73728,73728,29682451.000000,40.259401
17,8,196608,196608,63475612.000000,32.285366
17,8,393216,393216,140925096.000000,35.839105
17,20,153,384,7896.000000,5.160784
17,20,460,1152,25428.000000,5.527826
17,20,1638,4096,115700.000000,7.063492
17,20,4915,12288,486309.000000,9.894385
17,20,19660,49152,2117138.000000,10.768759
17,20,29491,73728,6437306.000000,21.828036
17,20,78643,196608,23135648.000000,29.418573
17,20,157286,393216,50428181.000000,32.061456
17,40,76,384,3712.000000,4.884211
17,40,230,1152,12868.000000,5.594783
17,40,819,4096,54426.000000,6.645421
17,40,2457,12288,219347.000000,8.927432
17,40,9830,49152,5478874.000000,55.736256
17,40,14745,73728,6309573.000000,42.791272
17,40,39321,196608,23838884.000000,60.626342
17,40,78643,393216,20092559.000000,25.549075
18,4,768,384,38510.000000,5.014323
18,4,2304,1152,129264.000000,5.610417
18,4,8192,4096,486711.000000,5.941296
18,4,24576,12288,1980627.000000,8.059192
18,4,98304,49152,31242234.000000,31.781244
18,4,147456,73728,34425428.000000,23.346238
18,4,393216,196608,149363769.000000,37.985171
18,4,786432,393216,328097522.000000,41.719757
18,8,384,384,20178.000000,5.254688
18,8,1152,1152,63200.000000,5.486111
18,8,4096,4096,246590.000000,6.020264
18,8,12288,12288,962770.000000,7.835042
18,8,49152,49152,9312133.000000,18.945583
18,8,73728,73728,18263235.000000,24.771098
18,8,196608,196608,55882296.000000,28.423206
18,8,393216,393216,156028291.000000,39.680046
18,20,153,384,7750.000000,5.065359
18,20,460,1152,25254.000000,5.490000
18,20,1638,4096,137844.000000,8.415385
18,20,4915,12288,576619.000000,11.731821
18,20,19660,49152,6813662.000000,34.657487
18,20,29491,73728,9950755.000000,33.741667
18,20,78643,196608,15045907.000000,19.131909
18,20,157286,393216,49746301.000000,31.627927
18,40,76,384,3686.000000,4.850000
18,40,230,1152,13212.000000,5.744348
18,40,819,4096,47942.000000,5.853724
18,40,2457,12288,726449.000000,29.566504
18,40,9830,49152,983355.000000,10.003611
18,40,14745,73728,5174114.000000,35.090634
18,40,39321,196608,8393465.000000,21.346011
18,40,78643,393216,19394855.000000,24.661896
19,4,768,384,47926.000000,6.240365
19,4,2304,1152,156370.000000,6.786892
19,4,8192,4096,488067.000000,5.957849
19,4,24576,12288,2955103.000000,12.024345
19,4,98304,49152,20161432.000000,20.509269
19,4,147456,73728,32129241.000000,21.789036
19,4,393216,196608,138976608.000000,35.343579
19,4,786432,393216,334649113.000000,42.552835
19,8,384,384,21062.000000,5.484896
19,8,1152,1152,63138.000000,5.480729
19,8,4096,4096,339160.000000,8.280273
19,8,12288,12288,925438.000000,7.531234
19,8,49152,49152,7182298.000000,14.612423
19,8,73728,73728,15878147.000000,21.536115
19,8,196608,196608,45357890.000000,23.070216
19,8,393216,393216,151726028.000000,38.585924
19,20,153,384,7890.000000,5.156863
19,20,460,1152,30322.000000,6.591739
19,20,1638,4096,113790.000000,6.946886
19,20,4915,12288,3506808.000000,71.349095
19,20,19660,49152,2121001.000000,10.788408
19,20,29491,73728,1700990.000000,5.767827
19,20,78643,196608,33462861.000000,42.550336
19,20,157286,393216,43886542.000000,27.902383
19,40,76,384,4296.000000,5.652632
19,40,230,1152,161574.000000,70.249565
19,40,819,4096,62436.000000,7.623443
19,40,2457,12288,205435.000000,8.361213
19,40,9830,49152,1026316.000000,10.440651
19,40,14745,73728,8618746.000000,58.451991
19,40,39321,196608,10691077.000000,27.189230
19,40,78643,393216,24480900.000000,31.129153
20,4,768,384,36540.000000,4.757812
20,4,2304,1152,110042.000000,4.776128
20,4,8192,4096,473620.000000,5.781494
20,4,24576,12288,2549879.000000,10.375484
20,4,98304,49152,23783219.000000,24.193541
20,4,147456,73728,36879210.000000,25.010315
20,4,393216,196608,146631617.000000,37.290349
20,4,786432,393216,332043087.000000,42.221462
20,8,384,384,21284.000000,5.542708
20,8,1152,1152,66864.000000,5.804167
20,8,4096,4096,1798037.000000,43.897388
20,8,12288,12288,936649.000000,7.622469
20,8,49152,49152,9415125.000000,19.155121
20,8,73728,73728,15786168.000000,21.411361
20,8,196608,196608,54964122.000000,27.956198
20,8,393216,393216,155625432.000000,39.577594
20,20,153,384,8440.000000,5.516340
20,20,460,1152,118143.000000,25.683261
20,20,1638,4096,93224.000000,5.691331
20,20,4915,12288,353950.000000,7.201424
20,20,19660,49152,14053294.000000,71.481658
20,20,29491,73728,4193861.000000,14.220817
20,20,78643,196608,16835446.000000,21.407431
20,20,157286,393216,52323486.000000,33.266461
20,40,76,384,3908.000000,5.142105
20,40,230,1152,13256.000000,5.763478
20,40,819,4096,60540.000000,7.391941
20,40,2457,12288,170315.000000,6.931827
20,40,9830,49152,2402933.000000,24.444893
20,40,14745,73728,4999660.000000,33.907494
20,40,39321,196608,9434338.000000,23.993128
20,40,78643,393216,20139514.000000,25.608781
21,4,768,384,38678.000000,5.036198
21,4,2304,1152,132078.000000,5.732552
21,4,8192,4096,577884.000000,7.054248
21,4,24576,12288,1976261.000000,8.041427
21,4,98304,49152,31461691.000000,32.004487
21,4,147456,73728,43954220.000000,29.808363
21,4,393216,196608,129160300.000000,32.847163
21,4,786432,393216,351592394.000000,44.707285
21,8,384,384,18270.000000,4.757812
21,8,1152,1152,65054.000000,5.647049
21,8,4096,4096,286027.000000,6.983081
21,8,12288,12288,989066.000000,8.049040
21,8,49152,49152,11530697.000000,23.459263
21,8,73728,73728,19843367.000000,26.914289
21,8,196608,196608,52305193.000000,26.603797
21,8,393216,393216,157859797.000000,40.145822
21,20,153,384,7832.000000,5.118954
21,20,460,1152,25348.000000,5.510435
21,20,1638,4096,91600.000000,5.592186
21,20,4915,12288,360139.000000,7.327345
21,20,19660,49152,2408502.000000,12.250773
21,20,29491,73728,11333073.000000,38.428921
21,20,78643,196608,19464896.000000,24.750958
21,20,157286,393216,55547423.000000,35.316190
21,40,76,384,3924.000000,5.163158
21,40,230,1152,14858.000000,6.460000
21,40,819,4096,69265.000000,8.457265
21,40,2457,12288,155674.000000,6.335938
21,40,9830,49152,1032984.000000,10.508484
21,40,14745,73728,3976633.000000,26.969366
21,40,39321,196608,6848156.000000,17.416027
21,40,78643,393216,23338561.000000,29.676590
22,4,768,384,36574.000000,4.762240
22,4,2304,1152,272982.000000,11.848177
22,4,8192,4096,555132.000000,6.776514
22,4,24576,12288,1983877.000000,8.072416
22,4,98304,49152,29122385.000000,29.624822
22,4,147456,73728,37093201.000000,25.155437
22,4,393216,196608,155766390.000000,39.613441
22,4,786432,393216,334650114.000000,42.552962
22,8,384,384,21008.000000,5.470833
22,8,1152,1152,63412.000000,5.504514
22,8,4096,4096,348007.000000,8.496265
22,8,12288,12288,931548.000000,7.580957
22,8,49152,49152,15127896.000000,30.777783
22,8,73728,73728,29223841.000000,39.637371
22,8,196608,196608,60619946.000000,30.832899
22,8,393216,393216,167063936.000000,42.486556
22,20,153,384,8110.000000,5.300654
22,20,460,1152,26906.000000,5.849130
22,20,1638,4096,122176.000000,7.458852
22,20,4915,12288,668028.000000,13.591617
22,20,19660,49152,8454880.000000,43.005493
22,20,29491,73728,5048510.000000,17.118816
22,20,78643,196608,23240233.000000,29.551560
22,20,157286,393216,40168332.000000,25.538403
22,40,76,384,4166.000000,5.481579
22,40,230,1152,13128.000000,5.707826
22,40,819,4096,47388.000000,5.786081
22,40,2457,12288,167977.000000,6.836671
22,40,9830,49152,1584621.000000,16.120254
22,40,14745,73728,1804286.000000,12.236595
22,40,39321,196608,6381953.000000,16.230393
22,40,78643,393216,26747165.000000,34.010866
23,4,768,384,74756.000000,9.733854
23,4,2304,1152,147844.000000,6.416840
23,4,8192,4096,500801.000000,6.113293
23,4,24576,12288,3624775.000000,14.749247
23,4,98304,49152,27685003.000000,28.162641
23,4,147456,73728,41761149.000000,28.321092
23,4,393216,196608,143940408.000000,36.605939
23,4,786432,393216,342572056.000000,43.560290
23,8,384,384,22514.000000,5.863021
23,8,1152,1152,63312.000000,5.495833
23,8,4096,4096,287781.000000,7.025903
23,8,12288,12288,3121907.000000,25.406144
23,8,49152,49152,13927308.000000,28.335181
23,8,73728,73728,40704590.000000,55.209134
23,8,196608,196608,49465350.000000,25.159378
23,8,393216,393216,153621837.000000,39.068053
23,20,153,384,8416.000000,5.500654
23,20,460,1152,23468.000000,5.101739
23,20,1638,4096,180498.000000,11.019414
23,20,4915,12288,398069.000000,8.099064
23,20,19660,49152,2891122.000000,14.705605
23,20,29491,73728,3893285.000000,13.201604
23,20,78643,196608,24442989.000000,31.080947
23,20,157286,393216,62532214.000000,39.757012
23,40,76,384,4488.000000,5.905263
23,40,230,1152,11758.000000,5.112174
23,40,819,4096,56268.000000,6.870330
23,40,2457,12288,177422.000000,7.221083
23,40,9830,49152,981254.000000,9.982238
23,40,14745,73728,1949016.000000,13.218149
23,40,39321,196608,16599499.000000,42.215353
23,40,78643,393216,43863448.000000,55.775400
24,4,768,384,38626.000000,5.029427
24,4,2304,1152,118794.000000,5.155990
24,4,8192,4096,484190.000000,5.910522
24,4,24576,12288,1942703.000000,7.904879
24,4,98304,49152,26521694.000000,26.979262
24,4,147456,73728,41352978.000000,28.044283
24,4,393216,196608,143407593.000000,36.470437
24,4,786432,393216,335604031.000000,42.674259
24,8,384,384,19428.000000,5.059375
24,8,1152,1152,63250.000000,5.490451
24,8,4096,4096,250062.000000,6.105029
24,8,12288,12288,1381264.000000,11.240755
24,8,49152,49152,6811649.000000,13.858335
24,8,73728,73728,21899353.000000,29.702898
24,8,196608,196608,56680113.000000,28.828996
24,8,393216,393216,148394244.000000,37.738608
24,20,153,384,7362.000000,4.811765
24,20,460,1152,32036.000000,6.964348
24,20,1638,4096,90784.000000,5.542369
24,20,4915,12288,454756.000000,9.252411
24,20,19660,49152,2241553.000000,11.401592
24,20,29491,73728,4389905.000000,14.885575
24,20,78643,196608,23479428.000000,29.855713
24,20,157286,393216,59066275.000000,37.553422
24,40,76,384,4210.000000,5.539474
24,40,230,1152,12868.000000,5.594783
24,40,819,4096,63276.000000,7.726007
24,40,2457,12288,162948.000000,6.631990
24,40,9830,49152,949913.000000,9.663408
24,40,14745,73728,1936507.000000,13.133313
24,40,39321,196608,5694187.000000,14.481287
24,40,78643,393216,25683784.000000,32.658703
25,4,768,384,42044.000000,5.474479
25,4,2304,1152,115936.000000,5.031944
25,4,8192,4096,532504.000000,6.500293
25,4,24576,12288,4446813.000000,18.094128
25,4,98304,49152,28857990.000000,29.355865
25,4,147456,73728,35759209.000000,24.250766
25,4,393216,196608,156825470.000000,39.882779
25,4,786432,393216,349638863.000000,44.458880
25,8,384,384,86370.000000,22.492188
25,8,1152,1152,69046.000000,5.993576
25,8,4096,4096,482387.000000,11.777026
25,8,12288,12288,2111376.000000,17.182422
25,8,49152,49152,7237465.000000,14.724660
25,8,73728,73728,15611818.000000,21.174883
25,8,196608,196608,79410851.000000,40.390447
25,8,393216,393216,140719765.000000,35.786887
25,20,153,384,7736.000000,5.056209
25,20,460,1152,25324.000000,5.505217
25,20,1638,4096,94496.000000,5.768987
25,20,4915,12288,349816.000000,7.117314
25,20,19660,49152,2360571.000000,12.006974
25,20,29491,73728,3785366.000000,12.835665
25,20,78643,196608,37291677.000000,47.418940
25,20,157286,393216,53329182.000000,33.905867
25,40,76,384,3718.000000,4.892105
25,40,230,1152,11648.000000,5.064348
25,40,819,4096,65199.000000,7.960806
25,40,2457,12288,168734.000000,6.867481
25,40,9830,49152,1065041.000000,10.834598
25,40,14745,73728,2098572.000000,14.232431
25,40,39321,196608,5561184.000000,14.143038
25,40,78643,393216,21911919.000000,27.862517
26,4,768,384,49092.000000,6.392188
26,4,2304,1152,131782.000000,5.719705
26,4,8192,4096,567043.000000,6.921912
26,4,24576,12288,1948412.000000,7.928109
26,4,98304,49152,22590217.000000,22.979957
26,4,147456,73728,37343048.000000,25.324875
26,4,393216,196608,158989563.000000,40.433137
26,4,786432,393216,321241972.000000,40.848029
26,8,384,384,21052.000000,5.482292
26,8,1152,1152,59928.000000,5.202083
26,8,4096,4096,327878.000000,8.004834
26,8,12288,12288,3368300.000000,27.411296
26,8,49152,49152,11013983.000000,22.408006
26,8,73728,73728,17505036.000000,23.742725
26,8,196608,196608,56827503.000000,28.903963
26,8,393216,393216,141062707.000000,35.874102
26,20,153,384,7872.000000,5.145098
26,20,460,1152,25302.000000,5.500435
26,20,1638,4096,93718.000000,5.721490
26,20,4915,12288,401608.000000,8.171068
26,20,19660,49152,2668176.000000,13.571597
26,20,29491,73728,3789443.000000,12.849490
26,20,78643,196608,34505639.000000,43.876300
26,20,157286,393216,48852266.000000,31.059513
26,40,76,384,3708.000000,4.878947
26,40,230,1152,10998.000000,4.781739
26,40,819,4096,71158.000000,8.688400
26,40,2457,12288,193134.000000,7.860562
26,40,9830,49152,4967567.000000,50.534761
26,40,14745,73728,2373653.000000,16.098020
26,40,39321,196608,7707622.000000,19.601795
26,40,78643,393216,22372111.000000,28.447683
27,4,768,384,39192.000000,5.103125
27,4,2304,1152,126578.000000,5.493837
27,4,8192,4096,478638.000000,5.842749
27,4,24576,12288,1683348.000000,6.849561
27,4,98304,49152,19817923.000000,20.159834
27,4,147456,73728,40728232.000000,27.620600
27,4,393216,196608,159487788.000000,40.559842
27,4,786432,393216,335815241.000000,42.701116
27,8,384,384,18336.000000,4.775000
27,8,1152,1152,63260.000000,5.491319
27,8,4096,4096,774298.000000,18.903760
27,8,12288,12288,1489839.000000,12.124341
27,8,49152,49152,8010059.000000,16.296507
27,8,73728,73728,16526087.000000,22.414940
27,8,196608,196608,56735150.000000,28.856990
27,8,393216,393216,146262745.000000,37.196540
27,20,153,384,7748.000000,5.064052
27,20,460,1152,30020.000000,6.526087
27,20,1638,4096,103096.000000,6.294017
27,20,4915,12288,2146839.000000,43.679329
27,20,19660,49152,2123507.000000,10.801155
27,20,29491,73728,3462267.000000,11.740080
27,20,78643,196608,18855835.000000,23.976495
27,20,157286,393216,43039230.000000,27.363675
27,40,76,384,3674.000000,4.834211
27,40,230,1152,11686.000000,5.080870
27,40,819,4096,66865.000000,8.164225
27,40,2457,12288,248746.000000,10.123972
27,40,9830,49152,7641573.000000,77.737263
27,40,14745,73728,5463337.000000,37.052133
27,40,39321,196608,7029051.000000,17.876074
27,40,78643,393216,36775890.000000,46.763081
28,4,768,384,39310.000000,5.118490
28,4,2304,1152,139988.000000,6.075868
28,4,8192,4096,530180.000000,6.471924
28,4,24576,12288,2847191.000000,11.585250
28,4,98304,49152,31384935.000000,31.926407
28,4,147456,73728,37034426.000000,25.115578
28,4,393216,196608,149098981.000000,37.917832
28,4,786432,393216,314857129.000000,40.036154
28,8,384,384,19346.000000,5.038021
28,8,1152,1152,63246.000000,5.490104
28,8,4096,4096,245472.000000,5.992969
28,8,12288,12288,923806.000000,7.517952
28,8,49152,49152,7806107.000000,15.881565
28,8,73728,73728,27372068.000000,37.125743
28,8,196608,196608,55600999.000000,28.280131
28,8,393216,393216,150310776.000000,38.226007
28,20,153,384,7740.000000,5.058824
28,20,460,1152,25250.000000,5.489130
28,20,1638,4096,94144.000000,5.747497
28,20,4915,12288,476272.000000,9.690173
28,20,19660,49152,1991732.000000,10.130885
28,20,29491,73728,7704863.000000,26.126150
28,20,78643,196608,21819013.000000,27.744380
28,20,157286,393216,48130777.000000,30.600802
28,40,76,384,3688.000000,4.852632
28,40,230,1152,12756.000000,5.546087
28,40,819,4096,62298.000000,7.606593
28,40,2457,12288,158634.000000,6.456410
28,40,9830,49152,1577386.000000,16.046653
28,40,14745,73728,1764220.000000,11.964869
28,40,39321,196608,7010750.000000,17.829531
28,40,78643,393216,21882900.000000,27.825617
29,4,768,384,42040.000000,5.473958
29,4,2304,1152,127776.000000,5.545833
29,4,8192,4096,666496.000000,8.135938
29,4,24576,12288,1953610.000000,7.949259
29,4,98304,49152,23767084.000000,24.177128
29,4,147456,73728,53486355.000000,36.272756
29,4,393216,196608,166236653.000000,42.276167
29,4,786432,393216,337305666.000000,42.890633
29,8,384,384,19230.000000,5.007812
29,8,1152,1152,78095.000000,6.779080
29,8,4096,4096,644898.000000,15.744580
29,8,12288,12288,1557730.000000,12.676839
29,8,49152,49152,13508937.000000,27.484003
29,8,73728,73728,20262381.000000,27.482613
29,8,196608,196608,59970589.000000,30.502619
29,8,393216,393216,151413215.000000,38.506372
29,20,153,384,7748.000000,5.064052
29,20,460,1152,25362.000000,5.513478
29,20,1638,4096,145245.000000,8.867216
29,20,4915,12288,344116.000000,7.001343
29,20,19660,49152,2166232.000000,11.018474
29,20,29491,73728,7047788.000000,23.898098
29,20,78643,196608,21895104.000000,27.841135
29,20,157286,393216,50363146.000000,32.020107
29,40,76,384,4322.000000,5.686842
29,40,230,1152,12668.000000,5.507826
29,40,819,4096,55812.000000,6.814652
29,40,2457,12288,172731.000000,7.030159
29,40,9830,49152,997614.000000,10.148667
29,40,14745,73728,2386579.000000,16.185683
29,40,39321,196608,26240262.000000,66.733455
29,40,78643,393216,46222358.000000,58.774917
30,4,768,384,36554.000000,4.759635
30,4,2304,1152,117936.000000,5.118750
30,4,8192,4096,488672.000000,5.965234
30,4,24576,12288,6309035.000000,25.671529
30,4,98304,49152,23584602.000000,23.991498
30,4,147456,73728,39176408.000000,26.568202
30,4,393216,196608,151352568.000000,38.490948
30,4,786432,393216,337270061.000000,42.886106
30,8,384,384,18302.000000,4.766146
30,8,1152,1152,64912.000000,5.634722
30,8,4096,4096,261636.000000,6.387598
30,8,12288,12288,958971.000000,7.804126
30,8,49152,49152,6221982.000000,12.658655
30,8,73728,73728,15849643.000000,21.497454
30,8,196608,196608,64758674.000000,32.937965
30,8,393216,393216,162165828.000000,41.240903
30,20,153,384,7728.000000,5.050980
30,20,460,1152,29630.000000,6.441304
30,20,1638,4096,106280.000000,6.488400
30,20,4915,12288,413793.000000,8.418983
30,20,19660,49152,5280162.000000,26.857386
30,20,29491,73728,5234827.000000,17.750592
30,20,78643,196608,10479314.000000,13.325171
30,20,157286,393216,33747737.000000,21.456288
30,40,76,384,3716.000000,4.889474
30,40,230,1152,11904.000000,5.175652
30,40,819,4096,53768.000000,6.565079
30,40,2457,12288,178600.000000,7.269027
30,40,9830,49152,970586.000000,9.873713
30,40,14745,73728,2033413.000000,13.790526
30,40,39321,196608,7627546.000000,19.398149
30,40,78643,393216,16211049.000000,20.613467
31,4,768,384,38596.000000,5.025521
31,4,2304,1152,116302.000000,5.047830
31,4,8192,4096,513949.000000,6.273792
31,4,24576,12288,2185027.000000,8.890898
31,4,98304,49152,27556938.000000,28.032367
31,4,147456,73728,35605679.000000,24.146646
31,4,393216,196608,127009794.000000,32.300261
31,4,786432,393216,319314240.000000,40.602905
31,8,384,384,18792.000000,4.893750
31,8,1152,1152,58542.000000,5.081771
31,8,4096,4096,242990.000000,5.932373
31,8,12288,12288,1152006.000000,9.375049
31,8,49152,49152,6443630.000000,13.109599
31,8,73728,73728,29750773.000000,40.352068
31,8,196608,196608,69862231.000000,35.533768
31,8,393216,393216,161783556.000000,41.143686
31,20,153,384,7742.000000,5.060131
31,20,460,1152,25650.000000,5.576087
31,20,1638,4096,125308.000000,7.650061
31,20,4915,12288,350136.000000,7.123825
31,20,19660,49152,2111346.000000,10.739298
31,20,29491,73728,5139161.000000,17.426201
31,20,78643,196608,17682473.000000,22.484484
31,20,157286,393216,39885648.000000,25.358677
31,40,76,384,3894.000000,5.123684
31,40,230,1152,13006.000000,5.654783
31,40,819,4096,46076.000000,5.625885
31,40,2457,12288,162880.000000,6.629223
31,40,9830,49152,935321.000000,9.514964
31,40,14745,73728,3257254.000000,22.090566
31,40,39321,196608,18864098.000000,47.974614
31,40,78643,393216,21100860.000000,26.831199
32,4,768,384,38618.000000,5.028385
32,4,2304,1152,135478.000000,5.880122
32,4,8192,4096,561028.000000,6.848486
32,4,24576,12288,882937.000000,3.592680
32,4,98304,49152,23554239.000000,23.960611
32,4,147456,73728,31879379.000000,21.619588
32,4,393216,196608,155578461.000000,39.565649
32,4,786432,393216,336349929.000000,42.769105
32,8,384,384,19340.000000,5.036458
32,8,1152,1152,64914.000000,5.634896
32,8,4096,4096,252506.000000,6.164697
32,8,12288,12288,928148.000000,7.553288
32,8,49152,49152,8625981.000000,17.549603
32,8,73728,73728,16455640.000000,22.319390
32,8,196608,196608,53637783.000000,27.281587
32,8,393216,393216,159533818.000000,40.571548
32,20,153,384,7806.000000,5.101961
32,20,460,1152,25368.000000,5.514783
32,20,1638,4096,104594.000000,6.385470
32,20,4915,12288,374662.000000,7.622828
32,20,19660,49152,2408139.000000,12.248927
32,20,29491,73728,5882010.000000,19.945102
32,20,78643,196608,7667022.000000,9.749147
32,20,157286,393216,47615934.000000,30.273473
32,40,76,384,3718.000000,4.892105
32,40,230,1152,14070.000000,6.117391
32,40,819,4096,71052.000000,8.675458
32,40,2457,12288,186868.000000,7.605535
32,40,9830,49152,1183920.000000,12.043947
32,40,14745,73728,3114043.000000,21.119315
32,40,39321,196608,10932364.000000,27.802864
32,40,78643,393216,18871583.000000,23.996520
33,4,768,384,38524.000000,5.016146
33,4,2304,1152,157014.000000,6.814844
33,4,8192,4096,510003.000000,6.225623
33,4,24576,12288,7717486.000000,31.402531
33,4,98304,49152,25937208.000000,26.384692
33,4,147456,73728,37012172.000000,25.100486
33,4,393216,196608,168306930.000000,42.802666
33,4,786432,393216,326812431.000000,41.556350
33,8,384,384,20974.000000,5.461979
33,8,1152,1152,54924.000000,4.767708
33,8,4096,4096,249074.000000,6.080908
33,8,12288,12288,903072.000000,7.349219
33,8,49152,49152,9754496.000000,19.845573
33,8,73728,73728,21882624.000000,29.680208
33,8,196608,196608,63269109.000000,32.180333
33,8,393216,393216,132595966.000000,33.720898
33,20,153,384,7768.000000,5.077124
33,20,460,1152,23224.000000,5.048696
33,20,1638,4096,139576.000000,8.521123
33,20,4915,12288,418451.000000,8.513754
33,20,19660,49152,2245203.000000,11.420158
33,20,29491,73728,3216745.000000,10.907548
33,20,78643,196608,16081558.000000,20.448810
33,20,157286,393216,40155888.000000,25.530491
33,40,76,384,3680.000000,4.842105
33,40,230,1152,11872.000000,5.161739
33,40,819,4096,55706.000000,6.801709
33,40,2457,12288,166586.000000,6.780057
33,40,9830,49152,13430702.000000,136.629725
33,40,14745,73728,2031105.000000,13.774873
33,40,39321,196608,4808654.000000,12.229226
33,40,78643,393216,21403067.000000,27.215476
34,4,768,384,36522.000000,4.755469
34,4,2304,1152,171066.000000,7.424740
34,4,8192,4096,548832.000000,6.699609
34,4,24576,12288,2003144.000000,8.150814
34,4,98304,49152,23951120.000000,24.364339
34,4,147456,73728,25012336.000000,16.962576
34,4,393216,196608,122701029.000000,31.204485
34,4,786432,393216,327541635.000000,41.649073
34,8,384,384,18274.000000,4.758854
34,8,1152,1152,77956.000000,6.767014
34,8,4096,4096,242418.000000,5.918408
34,8,12288,12288,994087.000000,8.089901
34,8,49152,49152,13188948.000000,26.832983
34,8,73728,73728,18499045.000000,25.090936
34,8,196608,196608,78251953.000000,39.801001
34,8,393216,393216,156171584.000000,39.716488
34,20,153,384,7764.000000,5.074510
34,20,460,1152,25874.000000,5.624783
34,20,1638,4096,107806.000000,6.581563
34,20,4915,12288,452997.000000,9.216623
34,20,19660,49152,2381727.000000,12.114583
34,20,29491,73728,3459870.000000,11.731952
34,20,78643,196608,15031956.000000,19.114169
34,20,157286,393216,40042481.000000,25.458389
34,40,76,384,3912.000000,5.147368
34,40,230,1152,14016.000000,6.093913
34,40,819,4096,72504.000000,8.852747
34,40,2457,12288,177310.000000,7.216524
34,40,9830,49152,11249993.000000,114.445504
34,40,14745,73728,4876949.000000,33.075273
34,40,39321,196608,7650052.000000,19.455385
34,40,78643,393216,23557514.000000,29.955004
35,4,768,384,38522.000000,5.015885
35,4,2304,1152,149708.000000,6.497743
35,4,8192,4096,497072.000000,6.067773
35,4,24576,12288,1995615.000000,8.120178
35,4,98304,49152,23747377.000000,24.157081
35,4,147456,73728,31451955.000000,21.329722
35,4,393216,196608,149892680.000000,38.119680
35,4,786432,393216,343035934.000000,43.619275
35,8,384,384,21032.000000,5.477083
35,8,1152,1152,63262.000000,5.491493
35,8,4096,4096,280939.000000,6.858862
35,8,12288,12288,4393048.000000,35.750716
35,8,49152,49152,7662835.000000,15.590078
35,8,73728,73728,18680309.000000,25.336791
35,8,196608,196608,54639436.000000,27.791054
35,8,393216,393216,143457235.000000,36.483061
35,20,153,384,7344.000000,4.800000
35,20,460,1152,31742.000000,6.900435
35,20,1638,4096,119028.000000,7.266667
35,20,4915,12288,355692.000000,7.236867
35,20,19660,49152,192.000000,0.000977
35,20,29491,73728,5024591.000000,17.037710
35,20,78643,196608,21758360.000000,27.667256
35,20,157286,393216,43293709.000000,27.525469
35,40,76,384,4184.000000,5.505263
35,40,230,1152,12296.000000,5.346087
35,40,819,4096,60832.000000,7.427595
35,40,2457,12288,172126.000000,7.005535
35,40,9830,49152,6665310.000000,67.805799
35,40,14745,73728,4875321.000000,33.064232
35,40,39321,196608,6785561.000000,17.256837
35,40,78643,393216,22958919.000000,29.193849
36,4,768,384,42138.000000,5.486719
36,4,2304,1152,125016.000000,5.426042
36,4,8192,4096,517344.000000,6.315234
36,4,24576,12288,2052263.000000,8.350680
36,4,98304,49152,23613112.000000,24.020500
36,4,147456,73728,39928757.000000,27.078421
36,4,393216,196608,154566441.000000,39.308279
36,4,786432,393216,350405548.000000,44.556370
36,8,384,384,79125.000000,20.605469
36,8,1152,1152,64360.000000,5.586806
36,8,4096,4096,296614.000000,7.241553
36,8,12288,12288,901584.000000,7.337109
36,8,49152,49152,10713670.000000,21.797017
36,8,73728,73728,15046213.000000,20.407732
36,8,196608,196608,66353214.000000,33.748990
36,8,393216,393216,131258555.000000,33.380777
36,20,153,384,7756.000000,5.069281
36,20,460,1152,28330.000000,6.158696
36,20,1638,4096,135245.000000,8.256716
36,20,4915,12288,457175.000000,9.301628
36,20,19660,49152,3257719.000000,16.570290
36,20,29491,73728,6002815.000000,20.354735
36,20,78643,196608,7652990.000000,9.731305
36,20,157286,393216,61581817.000000,39.152764
36,40,76,384,3880.000000,5.105263
36,40,230,1152,11674.000000,5.075652
36,40,819,4096,49328.000000,6.022955
36,40,2457,12288,368272.000000,14.988685
36,40,9830,49152,1121260.000000,11.406511
36,40,14745,73728,2428592.000000,16.470614
36,40,39321,196608,11575811.000000,29.439259
36,40,78643,393216,23764298.000000,30.217944
37,4,768,384,36538.000000,4.757552
37,4,2304,1152,126598.000000,5.494705
37,4,8192,4096,2691477.000000,32.854944
37,4,24576,12288,3972750.000000,16.165161
37,4,98304,49152,24249779.000000,24.668151
37,4,147456,73728,44679111.000000,30.299961
37,4,393216,196608,138497518.000000,35.221740
37,4,786432,393216,334920260.000000,42.587313
37,8,384,384,21078.000000,5.489063
37,8,1152,1152,72188.000000,6.266319
37,8,4096,4096,301435.000000,7.359253
37,8,12288,12288,5938569.000000,48.328198
37,8,49152,49152,14458020.000000,29.414917
37,8,73728,73728,18021613.000000,24.443377
37,8,196608,196608,63714311.000000,32.406774
37,8,393216,393216,151929934.000000,38.637780
37,20,153,384,7672.000000,5.014379
37,20,460,1152,23286.000000,5.062174
37,20,1638,4096,106216.000000,6.484493
37,20,4915,12288,351442.000000,7.150397
37,20,19660,49152,1949546.000000,9.916307
37,20,29491,73728,5508606.000000,18.678939
37,20,78643,196608,29724653.000000,37.796947
37,20,157286,393216,46107820.000000,29.314637
37,40,76,384,3692.000000,4.857895
37,40,230,1152,11030.000000,4.795652
37,40,819,4096,46096.000000,5.628327
37,40,2457,12288,1276043.000000,51.935002
37,40,9830,49152,1176051.000000,11.963896
37,40,14745,73728,3415977.000000,23.167019
37,40,39321,196608,7223318.000000,18.370128
37,40,78643,393216,33566268.000000,42.681825
38,4,768,384,38948.000000,5.071354
38,4,2304,1152,126692.000000,5.498785
38,4,8192,4096,509233.000000,6.216223
38,4,24576,12288,933338.000000,3.797762
38,4,98304,49152,22925125.000000,23.320643
38,4,147456,73728,35776084.000000,24.262210
38,4,393216,196608,149157556.000000,37.932728
38,4,786432,393216,330002905.000000,41.962039
38,8,384,384,21116.000000,5.498958
38,8,1152,1152,80750.000000,7.009549
38,8,4096,4096,284756.000000,6.952051
38,8,12288,12288,961542.000000,7.825049
38,8,49152,49152,7348859.000000,14.951292
38,8,73728,73728,15880123.000000,21.538795
38,8,196608,196608,54800991.000000,27.873225
38,8,393216,393216,150009616.000000,38.149418
38,20,153,384,28997.000000,18.952288
38,20,460,1152,27274.000000,5.929130
38,20,1638,4096,103544.000000,6.321368
38,20,4915,12288,398099.000000,8.099674
38,20,19660,49152,2163561.000000,11.004888
38,20,29491,73728,4355163.000000,14.767770
38,20,78643,196608,20731865.000000,26.361997
38,20,157286,393216,46417437.000000,29.511487
38,40,76,384,3900.000000,5.131579
38,40,230,1152,12628.000000,5.490435
38,40,819,4096,65872.000000,8.042979
38,40,2457,12288,164826.000000,6.708425
38,40,9830,49152,1116998.000000,11.363154
38,40,14745,73728,2179238.000000,14.779505
38,40,39321,196608,12494928.000000,31.776730
38,40,78643,393216,20626129.000000,26.227546
39,4,768,384,36590.000000,4.764323
39,4,2304,1152,151284.000000,6.566146
39,4,8192,4096,2707649.000000,33.052356
39,4,24576,12288,2086600.000000,8.490397
39,4,98304,49152,23115947.000000,23.514757
39,4,147456,73728,33280578.000000,22.569836
39,4,393216,196608,133358416.000000,33.914799
39,4,786432,393216,327417624.000000,41.633304
39,8,384,384,18256.000000,4.754167
39,8,1152,1152,64666.000000,5.613368
39,8,4096,4096,237062.000000,5.787646
39,8,12288,12288,1921751.000000,15.639250
39,8,49152,49152,10697553.000000,21.764227
39,8,73728,73728,21022637.000000,28.513776
39,8,196608,196608,43290822.000000,22.018851
39,8,393216,393216,141944809.000000,36.098432
39,20,153,384,7716.000000,5.043137
39,20,460,1152,25180.000000,5.473913
39,20,1638,4096,115998.000000,7.081685
39,20,4915,12288,358590.000000,7.295829
39,20,19660,49152,1322317.000000,6.725926
39,20,29491,73728,5094480.000000,17.274694
39,20,78643,196608,16909878.000000,21.502076
39,20,157286,393216,39930256.000000,25.387038
39,40,76,384,3792.000000,4.989474
39,40,230,1152,14410.000000,6.265217
39,40,819,4096,62222.000000,7.597314
39,40,2457,12288,629994.000000,25.640781
39,40,9830,49152,1162786.000000,11.828952
39,40,14745,73728,2916512.000000,19.779668
39,40,39321,196608,7931675.000000,20.171600
39,40,78643,393216,23017135.000000,29.267875
40,4,768,384,38508.000000,5.014062
40,4,2304,1152,127106.000000,5.516753
40,4,8192,4096,818036.000000,9.985791
40,4,24576,12288,1951464.000000,7.940527
40,4,98304,49152,21952178.000000,22.330910
40,4,147456,73728,36505739.000000,24.757039
40,4,393216,196608,144313108.000000,36.700721
40,4,786432,393216,339391252.000000,43.155829
40,8,384,384,19284.000000,5.021875
40,8,1152,1152,74660.000000,6.480903
40,8,4096,4096,245425.000000,5.991821
40,8,12288,12288,1005549.000000,8.183179
40,8,49152,49152,11144665.000000,22.673879
40,8,73728,73728,16750433.000000,22.719229
40,8,196608,196608,63237011.000000,32.164007
40,8,393216,393216,147707209.000000,37.563886
40,20,153,384,64.000000,0.041830
40,20,460,1152,25216.000000,5.481739
40,20,1638,4096,125958.000000,7.689744
40,20,4915,12288,593309.000000,12.071394
40,20,19660,49152,2291600.000000,11.656155
40,20,29491,73728,5825694.000000,19.754142
40,20,78643,196608,23972047.000000,30.482112
40,20,157286,393216,32435991.000000,20.622300
40,40,76,384,7372.000000,9.700000
40,40,230,1152,12868.000000,5.594783
40,40,819,4096,62978.000000,7.689621
40,40,2457,12288,159703.000000,6.499919
40,40,9830,49152,1191174.000000,12.117742
40,40,14745,73728,1720707.000000,11.669766
40,40,39321,196608,4690464.000000,11.928649
40,40,78643,393216,32787491.000000,41.691557
41,4,768,384,36554.000000,4.759635
41,4,2304,1152,126598.000000,5.494705
41,4,8192,4096,488668.000000,5.965186
41,4,24576,12288,2324677.000000,9.459135
41,4,98304,49152,25359673.000000,25.797193
41,4,147456,73728,39259949.000000,26.624857
41,4,393216,196608,150985491.000000,38.397596
41,4,786432,393216,332284489.000000,42.252158
41,8,384,384,19270.000000,5.018229
41,8,1152,1152,63316.000000,5.496181
41,8,4096,4096,265214.000000,6.474951
41,8,12288,12288,895767.000000,7.289771
41,8,49152,49152,7342056.000000,14.937451
41,8,73728,73728,22713085.000000,30.806593
41,8,196608,196608,55016033.000000,27.982601
41,8,393216,393216,162213428.000000,41.253008
41,20,153,384,8388.000000,5.482353
41,20,460,1152,25254.000000,5.490000
41,20,1638,4096,94988.000000,5.799023
41,20,4915,12288,1015437.000000,20.659959
41,20,19660,49152,1986974.000000,10.106684
41,20,29491,73728,7044441.000000,23.886748
41,20,78643,196608,18808326.000000,23.916084
41,20,157286,393216,40135209.000000,25.517344
41,40,76,384,3684.000000,4.847368
41,40,230,1152,11166.000000,4.854783
41,40,819,4096,53108.000000,6.484493
41,40,2457,12288,276976.000000,11.272934
41,40,9830,49152,1048760.000000,10.668973
41,40,14745,73728,2761528.000000,18.728572
41,40,39321,196608,7895315.000000,20.079131
41,40,78643,393216,21116028.000000,26.850486
42,4,768,384,38584.000000,5.023958
42,4,2304,1152,130834.000000,5.678559
42,4,8192,4096,483102.000000,5.897241
42,4,24576,12288,1687634.000000,6.867000
42,4,98304,49152,26561939.000000,27.020202
42,4,147456,73728,39444078.000000,26.749727
42,4,393216,196608,147596351.000000,37.535693
42,4,786432,393216,335198463.000000,42.622689
42,8,384,384,19370.000000,5.044271
42,8,1152,1152,63260.000000,5.491319
42,8,4096,4096,219764.000000,5.365332
42,8,12288,12288,1293074.000000,10.523063
42,8,49152,49152,9065087.000000,18.442967
42,8,73728,73728,19472933.000000,26.411856
42,8,196608,196608,56067283.000000,28.517295
42,8,393216,393216,155515564.000000,39.549653
42,20,153,384,9054.000000,5.917647
42,20,460,1152,70802.000000,15.391739
42,20,1638,4096,95444.000000,5.826862
42,20,4915,12288,392524.000000,7.986246
42,20,19660,49152,2709100.000000,13.779756
42,20,29491,73728,14057789.000000,47.668065
42,20,78643,196608,15972074.000000,20.309594
42,20,157286,393216,47168489.000000,29.988994
42,40,76,384,4356.000000,5.731579
42,40,230,1152,12890.000000,5.604348
42,40,819,4096,46512.000000,5.679121
42,40,2457,12288,179298.000000,7.297436
42,40,9830,49152,1008020.000000,10.254527
42,40,14745,73728,1724974.000000,11.698705
42,40,39321,196608,4982858.000000,12.672257
42,40,78643,393216,29855602.000000,37.963458
43,4,768,384,36552.000000,4.759375
43,4,2304,1152,116356.000000,5.050174
43,4,8192,4096,553750.000000,6.759644
43,4,24576,12288,2022840.000000,8.230957
43,4,98304,49152,39229558.000000,39.906370
43,4,147456,73728,35626149.000000,24.160529
43,4,393216,196608,149549748.000000,38.032468
43,4,786432,393216,339411233.000000,43.158370
43,8,384,384,21092.000000,5.492708
43,8,1152,1152,64924.000000,5.635764
43,8,4096,4096,262772.000000,6.415332
43,8,12288,12288,939700.000000,7.647298
43,8,49152,49152,7818928.000000,15.907650
43,8,73728,73728,21131838.000000,28.661890
43,8,196608,196608,63203395.000000,32.146909
43,8,393216,393216,141808809.000000,36.063845
43,20,153,384,7732.000000,5.053595
43,20,460,1152,26096.000000,5.673043
43,20,1638,4096,94818.000000,5.788645
43,20,4915,12288,370516.000000,7.538474
43,20,19660,49152,1963575.000000,9.987665
43,20,29491,73728,3834200.000000,13.001255
43,20,78643,196608,20382016.000000,25.917139
43,20,157286,393216,45219579.000000,28.749907
43,40,76,384,4264.000000,5.610526
43,40,230,1152,12628.000000,5.490435
43,40,819,4096,75354.000000,9.200733
43,40,2457,12288,163440.000000,6.652015
43,40,9830,49152,1056240.000000,10.745066
43,40,14745,73728,3254252.000000,22.070207
43,40,39321,196608,7351007.000000,18.694863
43,40,78643,393216,30245953.000000,38.459816
44,4,768,384,38604.000000,5.026562
44,4,2304,1152,148480.000000,6.444444
44,4,8192,4096,497094.000000,6.068042
44,4,24576,12288,2511295.000000,10.218486
44,4,98304,49152,26103398.000000,26.553750
44,4,147456,73728,31891206.000000,21.627608
44,4,393216,196608,127762943.000000,32.491797
44,4,786432,393216,325113198.000000,41.340281
44,8,384,384,19312.000000,5.029167
44,8,1152,1152,63350.000000,5.499132
44,8,4096,4096,255054.000000,6.226904
44,8,12288,12288,967704.000000,7.875195
44,8,49152,49152,11475875.000000,23.347727
44,8,73728,73728,23890774.000000,32.403936
44,8,196608,196608,61394559.000000,31.226888
44,8,393216,393216,143811618.000000,36.573186
44,20,153,384,7348.000000,4.802614
44,20,460,1152,28068.000000,6.101739
44,20,1638,4096,91390.000000,5.579365
44,20,4915,12288,332666.000000,6.768383
44,20,19660,49152,2387488.000000,12.143886
44,20,29491,73728,5827847.000000,19.761442
44,20,78643,196608,18446391.000000,23.455859
44,20,157286,393216,32247489.000000,20.502453
44,40,76,384,3964.000000,5.215789
44,40,230,1152,14958.000000,6.503478
44,40,819,4096,48166.000000,5.881074
44,40,2457,12288,185494.000000,7.549613
44,40,9830,49152,1104082.000000,11.231760
44,40,14745,73728,1801499.000000,12.217694
44,40,39321,196608,7263164.000000,18.471463
44,40,78643,393216,6219249.000000,7.908204
45,4,768,384,36522.000000,4.755469
45,4,2304,1152,129700.000000,5.629340
45,4,8192,4096,522838.000000,6.382300
45,4,24576,12288,2124154.000000,8.643205
45,4,98304,49152,28530872.000000,29.023104
45,4,147456,73728,40771126.000000,27.649689
45,4,393216,196608,127292556.000000,32.372171
45,4,786432,393216,342826302.000000,43.592619
45,8,384,384,19318.000000,5.030729
45,8,1152,1152,90714.000000,7.874479
45,8,4096,4096,240122.000000,5.862354
45,8,12288,12288,3895567.000000,31.702205
45,8,49152,49152,7300730.000000,14.853373
45,8,73728,73728,17010247.000000,23.071624
45,8,196608,196608,56465580.000000,28.719879
45,8,393216,393216,141709020.000000,36.038467
45,20,153,384,7742.000000,5.060131
45,20,460,1152,24554.000000,5.337826
45,20,1638,4096,122312.000000,7.467155
45,20,4915,12288,455781.000000,9.273266
45,20,19660,49152,2082290.000000,10.591506
45,20,29491,73728,13494185.000000,45.756960
45,20,78643,196608,24094672.000000,30.638038
45,20,157286,393216,46687139.000000,29.682959
45,40,76,384,4268.000000,5.615789
45,40,230,1152,11792.000000,5.126957
45,40,819,4096,61982.000000,7.568010
45,40,2457,12288,1010950.000000,41.145706
45,40,9830,49152,982014.000000,9.989969
45,40,14745,73728,1591059.000000,10.790498
45,40,39321,196608,20169207.000000,51.293729
45,40,78643,393216,17457254.000000,22.198103
46,4,768,384,42030.000000,5.472656
46,4,2304,1152,135108.000000,5.864063
46,4,8192,4096,491149.000000,5.995471
46,4,24576,12288,7319831.000000,29.784469
46,4,98304,49152,32510302.000000,33.071189
46,4,147456,73728,42597971.000000,28.888598
46,4,393216,196608,143791032.000000,36.567950
46,4,786432,393216,341188019.000000,43.384300
46,8,384,384,18304.000000,4.766667
46,8,1152,1152,63274.000000,5.492535
46,8,4096,4096,226044.000000,5.518652
46,8,12288,12288,923158.000000,7.512679
46,8,49152,49152,8228687.000000,16.741307
46,8,73728,73728,16294539.000000,22.100883
46,8,196608,196608,53332341.000000,27.126231
46,8,393216,393216,171717846.000000,43.670107
46,20,153,384,7766.000000,5.075817
46,20,460,1152,29686.000000,6.453478
46,20,1638,4096,104402.000000,6.373748
46,20,4915,12288,446121.000000,9.076724
46,20,19660,49152,2176229.000000,11.069323
46,20,29491,73728,3918889.000000,13.288424
46,20,78643,196608,19894717.000000,25.297505
46,20,157286,393216,47100826.000000,29.945975
46,40,76,384,3830.000000,5.039474
46,40,230,1152,12664.000000,5.506087
46,40,819,4096,65808.000000,8.035165
46,40,2457,12288,206116.000000,8.388930
46,40,9830,49152,1399766.000000,14.239736
46,40,14745,73728,2366038.000000,16.046375
46,40,39321,196608,10985947.000000,27.939134
46,40,78643,393216,16052753.000000,20.412183
47,4,768,384,42578.000000,5.544010
47,4,2304,1152,156504.000000,6.792708
47,4,8192,4096,508415.000000,6.206238
47,4,24576,12288,2236840.000000,9.101725
47,4,98304,49152,21312087.000000,21.679776
47,4,147456,73728,42954453.000000,29.130353
47,4,393216,196608,154456117.000000,39.280222
47,4,786432,393216,338223395.000000,43.007329
47,8,384,384,21440.000000,5.583333
47,8,1152,1152,64212.000000,5.573958
47,8,4096,4096,259974.000000,6.347021
47,8,12288,12288,1449232.000000,11.793880
47,8,49152,49152,7449466.000000,15.155977
47,8,73728,73728,15466257.000000,20.977454
47,8,196608,196608,52380397.000000,26.642048
47,8,393216,393216,144724441.000000,36.805329
47,20,153,384,7964.000000,5.205229
47,20,460,1152,64.000000,0.013913
47,20,1638,4096,94518.000000,5.770330
47,20,4915,12288,455857.000000,9.274812
47,20,19660,49152,4243096.000000,21.582380
47,20,29491,73728,3603852.000000,12.220176
47,20,78643,196608,26368680.000000,33.529596
47,20,157286,393216,43359510.000000,27.567304
47,40,76,384,3948.000000,5.194737
47,40,230,1152,111149.000000,48.325652
47,40,819,4096,46906.000000,5.727228
47,40,2457,12288,175716.000000,7.151648
47,40,9830,49152,3000791.000000,30.526867
47,40,14745,73728,4417800.000000,29.961343
47,40,39321,196608,28508304.000000,72.501472
47,40,78643,393216,21112539.000000,26.846050
48,4,768,384,38522.000000,5.015885
48,4,2304,1152,130808.000000,5.677431
48,4,8192,4096,476346.000000,5.814771
48,4,24576,12288,2264695.000000,9.215068
48,4,98304,49152,22812703.000000,23.206282
48,4,147456,73728,36713085.000000,24.897654
48,4,393216,196608,146739926.000000,37.317893
48,4,786432,393216,314543490.000000,39.996273
48,8,384,384,19316.000000,5.030208
48,8,1152,1152,63594.000000,5.520313
48,8,4096,4096,277482.000000,6.774463
48,8,12288,12288,1203109.000000,9.790926
48,8,49152,49152,14839443.000000,30.190924
48,8,73728,73728,26776960.000000,36.318576
48,8,196608,196608,56982031.000000,28.982560
48,8,393216,393216,159753300.000000,40.627365
48,20,153,384,7770.000000,5.078431
48,20,460,1152,27866.000000,6.057826
48,20,1638,4096,137419.000000,8.389438
48,20,4915,12288,356862.000000,7.260671
48,20,19660,49152,2121970.000000,10.793337
48,20,29491,73728,3386922.000000,11.484595
48,20,78643,196608,29452947.000000,37.451454
48,20,157286,393216,59028165.000000,37.529192
48,40,76,384,3658.000000,4.813158
48,40,230,1152,11838.000000,5.146957
48,40,819,4096,60172.000000,7.347009
48,40,2457,12288,168479.000000,6.857102
48,40,9830,49152,994582.000000,10.117823
48,40,14745,73728,2906013.000000,19.708464
48,40,39321,196608,13988339.000000,35.574729
48,40,78643,393216,24922856.000000,31.691131
49,4,768,384,36930.000000,4.808594
49,4,2304,1152,127464.000000,5.532292
49,4,8192,4096,566869.000000,6.919788
49,4,24576,12288,1982475.000000,8.066711
49,4,98304,49152,23094779.000000,23.493224
49,4,147456,73728,36501110.000000,24.753899
49,4,393216,196608,172000391.000000,43.741961
49,4,786432,393216,335614214.000000,42.675554
49,8,384,384,20106.000000,5.235938
49,8,1152,1152,58478.000000,5.076215
49,8,4096,4096,242566.000000,5.922021
49,8,12288,12288,928003.000000,7.552108
49,8,49152,49152,7435701.000000,15.127972
49,8,73728,73728,25784804.000000,34.972879
49,8,196608,196608,59902359.000000,30.467915
49,8,393216,393216,135988907.000000,34.583767
49,20,153,384,7686.000000,5.023529
49,20,460,1152,25744.000000,5.596522
49,20,1638,4096,93816.000000,5.727473
49,20,4915,12288,360610.000000,7.336928
49,20,19660,49152,1775259.000000,9.029802
49,20,29491,73728,8297133.000000,28.134458
49,20,78643,196608,24782328.000000,31.512440
49,20,157286,393216,47360857.000000,30.111299
49,40,76,384,3666.000000,4.823684
49,40,230,1152,13582.000000,5.905217
49,40,819,4096,1714643.000000,209.358120
49,40,2457,12288,173125.000000,7.046195
49,40,9830,49152,24396543.000000,248.184568
49,40,14745,73728,5349291.000000,36.278678
49,40,39321,196608,6417246.000000,16.320150
49,40,78643,393216,15676853.000000,19.934200
50,4,768,384,36530.000000,4.756510
50,4,2304,1152,131976.000000,5.728125
50,4,8192,4096,565626.000000,6.904614
50,4,24576,12288,5727296.000000,23.304427
50,4,98304,49152,28213221.000000,28.699973
50,4,147456,73728,34199225.000000,23.192834
50,4,393216,196608,147364503.000000,37.476731
50,4,786432,393216,364323512.000000,46.326130
50,8,384,384,21002.000000,5.469271
50,8,1152,1152,63258.000000,5.491146
50,8,4096,4096,375266.000000,9.161768
50,8,12288,12288,957658.000000,7.793441
50,8,49152,49152,10270239.000000,20.894855
50,8,73728,73728,18694946.000000,25.356643
50,8,196608,196608,55605935.000000,28.282641
50,8,393216,393216,152950380.000000,38.897293
50,20,153,384,8508.000000,5.560784
50,20,460,1152,25312.000000,5.502609
50,20,1638,4096,129089.000000,7.880891
50,20,4915,12288,856827.000000,17.432899
50,20,19660,49152,4156915.000000,21.144023
50,20,29491,73728,2257519.000000,7.654942
50,20,78643,196608,17792753.000000,22.624713
50,20,157286,393216,39914800.000000,25.377211
50,40,76,384,3660.000000,4.815789
50,40,230,1152,11012.000000,4.787826
50,40,819,4096,51708.000000,6.313553
50,40,2457,12288,166096.000000,6.760114
50,40,9830,49152,907893.000000,9.235941
50,40,14745,73728,4396442.000000,29.816494
50,40,39321,196608,15591661.000000,39.652249
50,40,78643,393216,24113143.000000,30.661525
